asset	probability
AAPL	0.035000
MSFT	0.218000
AMZN	0.223000
GOOGL	0.119000
SPY	0.031000
TSLA	0.374000
