asset	allocation
AAPL	0.000000
MSFT	0.000000
AMZN	1.000000
GOOGL	0.000000
SPY	0.000000
TSLA	0.000000
