state	expected_discomfort
exposed-1	2.244190600370281
exposed-2	2.9528823689926775
exposed-3	3.885371538224157
recovered	0.0
symptoms-1	5.11233097141579
symptoms-2	4.254845177090768
symptoms-3	1.4925373134325741
