state	speed_discomfort	minimize_discomfort
exposed-1	0.3684362228837782	0.3011231223826432
exposed-2	0.8187471619988477	0.6691624942226007
exposed-3	1.8194381378256093	1.4870277649991186
recovered	0.0	0.0
symptoms-1	4.043195861907421	3.3045061445349004
symptoms-2	3.6888239590850582	3.1065088757238546
symptoms-3	1.3513513513510427	1.1538461538455622
