action	min_reward	mean_reward	max_reward
0	0.0	0.5670281286686992	3.76146119165972
1	0.0	0.5404017111613293	2.9889216151840223
2	0.0	0.18837967457320615	0.9773587756897688
