strategy	regret
uniform	135.09162386762108
just-0	0.0
just-1	26.626417507369936
just-2	378.6484540954931
actual	79.78347559737898
