asset	estimated_return
AAPL	0.006383
MSFT	0.023842
AMZN	0.025579
GOOGL	0.017640
SPY	0.016712
TSLA	0.020378
