asset	allocation
AAPL	0.132581
MSFT	0.000000
AMZN	0.000000
GOOGL	0.119766
SPY	0.747652
TSLA	0.000000
