mean	std
-3.700743415417188e-17	0.2891515671544575
