best_profit	one_std_profit
157346.86800000013	88446.67597216743
